year,Not in Poverty,In Poverty
1982,18.9,-22.400000000000002
1986,4.6,-47.699999999999996
1990,8.3,-42.5
1994,10.100000000000001,-50.6
1998,3.5999999999999996,-39.4
2002,5.3,-41.699999999999996
2006,5.4,-59
2010,5.8999999999999995,-37.6
2014,7.199999999999999,-51.4
2018,5.6000000000000005,-47
2022,5.2,-50.9
