year,Not in Poverty,In Poverty
1984,3.3000000000000003,-34.599999999999994
1988,3.8,-37.4
1992,5.2,-43.8
1996,5.5,-40.8
2000,4.1000000000000005,-43.9
2004,4.3999999999999995,-39.6
2008,4.1000000000000005,-33.5
2012,4.3,-33.300000000000004
2016,4.3,-36.3
2020,4,-36
2024,3.9,-37.9
