year,Not in Poverty,In Poverty
1982,17,-17.7
1986,3.8,-42.199999999999996
1990,5.6000000000000005,-38.800000000000004
1994,6.5,-48.9
1998,4.9,-45.5
2002,3.8,-48.5
2006,6.1,-50.8
2010,5.8999999999999995,-42.699999999999996
2014,6.1,-44.9
2018,5,-41.3
2022,4.3999999999999995,-46.400000000000006
