year,Not in Poverty,In Poverty
1984,4.7,-40.9
1988,2.9000000000000004,-31.3
1992,8.200000000000001,-44.9
1996,8.6,-47
2000,6.6000000000000005,-45.2
2004,5,-40.300000000000004
2008,6,-36.6
2012,5.7,-37
2016,4.6,-39.900000000000006
2020,4.5,-35.8
2024,6.1,-50.4
