year,Not in Poverty - US,In Poverty - US,Not in Poverty - TX,In Poverty - TX
1982,50.6,35.6,37.1,24.2
1986,41.3,23,33.4,16.7
1990,42.1,24.4,38.2,20.3
1994,45.2,21.7,41.3,18.5
1998,41.5,21.6,31,18.099999999999998
2002,42.5,21.099999999999998,35.9,19.900000000000002
2006,44.7,20.7,32.5,12.6
2010,45.300000000000004,24.5,34.699999999999996,20.5
2014,39.800000000000004,20.7,30.099999999999998,13.700000000000001
2018,53.7,30,48.4,24.3
2022,49.1,25.2,43.9,20.5
